,Naive Bayes,Logistic Regression,SCV,Decision Tree,Random Forest,Gradient Boosting,Neural Network,KNeigh
With Outliers and Standardization,0.3913978494623656,0.5091397849462366,0.5440860215053763,0.5865591397849462,0.6446236559139785,0.5591397849462365,0.5559139784946237,0.5333333333333333
Without Outliers and Standardization,0.10240112994350282,0.5346045197740112,0.5586158192090396,0.5819209039548022,0.6680790960451978,0.5861581920903954,0.5826271186440678,0.5451977401129944
"Without Outliers and Standardization, smote",0.0882768361581921,0.3128531073446328,0.4562146892655367,0.548728813559322,0.6398305084745762,0.4865819209039548,0.509180790960452,0.481638418079096
"without outliers, standardization, smote and 3 labels",0.3253652058432935,0.4953519256308101,0.6082337317397079,0.701195219123506,0.7828685258964143,0.6819389110225763,0.704515272244356,0.6168658698539177
"without outliers, standardization, undersampling and 3 labels",0.5208333333333334,0.5208333333333334,0.5625,0.5,0.6041666666666666,0.6041666666666666,0.5,0.5416666666666666
